ward,target_pct_vunerable
00A93O0,16.498757375397652
01V40KO,34.303875061037196
01ZHVW0,4.185858433517145
028YQJX,2.192798634855997
02G8W11,0.11294677438511809
03RU77Q,16.09628621319841
0935C30,22.2290510568651
0DCE4FB,15.082503717586679
0DUEHMX,2.0890798164878803
0FTXTHP,2.810030763656216
0FXECHK,4.142041661529801
0HCX91F,3.5380016992897794
0IKGARI,1.2828116803722307
0JRGKQ4,8.342568707578632
0KTSEXR,0.8359275846814974
0M6MX2A,2.084364992810917
0P8S06V,38.801060718408905
0PBSOBF,9.657209173867617
0PNJX5M,0.4624503328922822
0RA7XHK,0.44689929680500906
0S7C4DH,1.6692926963003132
0TRP3ER,40.04343632287499
0US7N2T,31.212253975948425
0WS5BT8,37.785656092232344
0XABPKH,31.238055933387567
0XE31PI,14.525911319018936
0Y0V3J8,19.914671379698298
0YPOXHL,24.09934434283673
0ZFUG7F,14.858750551315717
105NU2D,36.38019509465447
10OB8IW,-0.3150690488094673
14EYJ6K,35.72664865865118
151LFIB,4.774999562335787
17FACUG,8.740477747536929
18M5SKB,12.237748377893453
1B4JFVL,38.87651937500378
1BF4WMH,0.19740100091875443
1BIEG1U,3.7011284996617917
1C2TVDR,34.21216958226567
1C48ZJ2,25.171712966329437
1CMO0Y4,0.09741431069712016
1CUTFTD,38.11285597680054
1DNN5IJ,27.67990149186773
1FG5H0O,38.321356741484536
1IOYQOT,40.917895581654776
1JBNE5I,0.5919305507292846
1LGRAYJ,13.365809482964911
1O20G6P,0.5361949573719992
1PD72TN,27.11948049649049
1Q75HEP,0.6807484115827304
1RW5NMZ,0.008269582901073028
1SZBSWT,0.8367929008125744
1U5BC3L,2.27810753688821
1WAZ8Q0,2.3068361930056076
1YE6439,-0.5774985839555137
1YIF2RN,1.431073084944766
215TAPC,5.260960483607171
22DG8AR,35.15672975409784
233CS64,29.07175704424111
24JY8CX,32.72344273519632
24OX2ZO,34.32413330403544
24WYRNI,40.93472527309809
257YM8M,10.438257496398952
26I3DN0,0.9110098835773602
26RDOIK,31.118023915078016
2861T51,28.008685517360522
28FV4CA,3.0614629424953796
28XXOHY,13.345948676914427
2B8E3IA,35.11306530956004
2BFC9MJ,3.1362227515737477
2D2Z50D,1.8679227920423904
2DF76GS,28.85506306302301
2EEDA3F,29.238793191163502
2FO0WKT,28.660726174574513
2H6Z1TB,33.70169323889731
2IZ2FOA,33.84769033412571
2KJIQI4,1.5602370498480442
2L6Z5NV,5.919547978608141
2LDKL4U,29.32794712362135
2MDACB3,5.86774198577341
2MQD51O,1.0820150769989603
2OAIZ4C,40.134763673846734
2OU52SS,31.532373913996604
2QKDSRB,0.7705962200639527
2R2BYQK,1.4220690518827406
2RFLYH2,0.5902699442005716
2SNGXJS,12.30209350025439
2SZ6BB2,30.6677126163704
2U3Z9GM,0.6689965396392548
2VQN76H,2.7000285765212926
2WJG38Y,-0.06466917065268375
2WN9P3F,23.932040955691328
2WNNN6R,36.24743144452191
2ZDX7JP,11.975073533535106
2ZJX6E6,24.540591577008417
3369B4X,2.565121325680178
33AU2EF,7.370879675537006
34HQTD8,3.494350764950924
34JHI35,0.16509165966730874
37HAXAE,0.5202809226269329
38QC76K,24.35155553041129
3ARUZR4,1.7066171063770217
3C8W5V6,1.888753982637592
3CAYCPX,7.535673437562669
3CI0CKX,2.854990321710095
3D0HQS7,1.198731914517522
3EA16E7,1.2437253875612266
3EHDLM2,5.08352761415144
3EXPKHN,0.34515738695305204
3F2D9F0,39.65006519180828
3F9T39K,32.87621398341454
3G0G6A3,5.368044782797324
3HJ2SJ7,0.6647731531969787
3IMSK3F,20.05145284278683
3IO8T7J,0.30904238786759436
3K1QDO6,29.624989998595915
3PSGNSV,28.134917064564547
3PUBSAF,34.12544327757904
3Q1BEBW,32.34340386479359
3RCTMF2,12.366729743335018
3RL23LD,3.7042020837032554
3VGPDZ5,36.72792473852445
3W7QZ5P,29.396587285341905
3XCKC70,1.3369643597943615
3Y7OY4T,6.5001161471387885
3Z7B62W,27.245190803793708
40LFOGC,42.229519841913444
40PHH7U,10.484412665477898
42DZQJA,2.513564758221596
45AI1QH,13.550665864800362
47ICDLY,1.2897898436209219
47XV4P3,25.494679211307954
485MJWX,1.6985981501625518
49HVKTG,0.046320724116428014
49ZGNCJ,1.447598019569791
49ZNW7E,4.152388877710735
4D6H3V3,10.665989503806792
4DARAWK,39.04900394509
4DBURYH,-0.03241417805809195
4IJL6PQ,0.3497260512559957
4K01HCW,0.0751824940486882
4KVOUFG,-0.6274550399006797
4MUT93Q,0.45596397265754174
4OMEQQM,2.51344843737184
4OU1J1Z,-0.3900436185815506
4QIL7U4,5.636306576261303
4RFNZ3K,1.1666483236136258
4RGXG6V,25.164917459718758
4SSME9C,25.464152734418256
4SXBIRR,10.511684230202524
4TAUY40,30.29157548428094
4ULD0F5,21.73407645096059
4UUST6G,3.068567024497065
4W49QH5,19.45310252289001
4W9H5MR,32.433447014014874
4ZOI3KZ,16.913161398545043
50JGUDC,2.765941950893727
51J42OG,19.82894564599207
52P1YPZ,3.5751888142298434
5404OVK,2.5105574628540333
54ILT9A,1.4688531900773587
54VKXXW,3.9515452583573194
56AJT4M,26.039788776276698
58DQFW2,3.9987091802127166
59A2WAI,1.9987993826310215
59W1R31,0.546922432281167
5CGFJF4,0.5535496850745905
5EI2I07,37.702022299488114
5ELWVGE,6.861640401477247
5F2CTMZ,0.31856860918399343
5HVS35S,39.69141969360019
5JE13GA,42.76548053063399
5K5GJFJ,2.8053885709266826
5KKOYMO,31.045600159296338
5L3M523,-0.5470749917018155
5LVF7CU,2.822022565946712
5MM3YQB,3.1136936506775914
5N0URLB,4.39024018163366
5N6EZ1S,31.841959845254177
5S3ELYF,16.427658394821712
5TBBZQV,39.35704677716371
5WGC8R7,13.896250153496789
5WN9VZF,11.37476904367082
5Y31GRR,37.0630987751267
5YAG9SP,-0.4818543861361638
62E22PQ,0.7257652231107358
652X54R,26.284174401448052
65VFJHC,0.012899086472047728
678EWN0,35.460609694127584
683T0RS,3.3690952961364657
6AFF1OZ,26.398563418397373
6C3151N,1.050490294498966
6D2WD86,0.2772753736734892
6D96UPF,7.1448804048257255
6EY3N45,-0.017346347812731217
6F42S01,0.792850935617677
6H5XB06,2.6292730216621383
6HBMUQ1,37.69432998515513
6HR8849,5.43922340474751
6I2ADVC,0.5116553346113043
6KA2MF9,27.080081536266476
6NY6KYD,0.45746771728693203
6O6VZL4,4.071279714148496
6OC1RD0,20.425589363813916
6PSLJ54,30.278841854190695
6QNQRT1,2.270759220784384
6RGO7XW,0.38186538272322734
6S3AVBJ,7.643246997658524
6W07TP6,13.955371147459385
6WIZX7C,28.786745925445313
6WKWAXF,24.22819795375931
6WRMCTV,2.363329669750477
6XO9WKJ,3.4141103422435704
6Z0AG00,0.2083863399144425
6ZX6KZY,31.376147924921035
70QTSOC,25.85003964593622
70QWCQN,4.331084605734737
70TT5RG,31.911190173428775
722FB2E,2.666862109094748
727BLLN,0.12084474393266068
72N4VXM,37.70869345384349
72QMGGF,29.993317088900874
7376KM2,39.24265705244745
74ZW69I,26.450979559886168
75INALX,37.84516393136298
7674G9Z,13.264812790748588
76PGI5C,1.9275206591433984
76XL1DS,10.08956940823613
7871DQY,-0.3166379795067399
78NCRDD,39.26813801082145
7B9PJ46,39.8563523959082
7BA3P7L,4.490732779143941
7BGQBZS,36.30625785106474
7CESXKA,1.4945952334530892
7EYP4G0,4.533716235225586
7G31XF6,23.72505875752875
7H1DT0M,1.100332588216483
7H26K3P,31.695724009523666
7HJI3YZ,3.038293069249708
7HS8XBV,13.164952546050964
7J63FDQ,0.6916317541787723
7KMO5P0,27.166215708759516
7KW3SI1,0.7405848678497531
7LF7KJA,28.79810816775348
7LP4WWS,1.6477257713757587
7LR536E,35.50646682120905
7O4GI7N,5.773645105864293
7O5642F,40.02907690193317
7OGTH2F,0.3267206295663796
7OPTXE8,2.4213110671190967
7QEL4LH,1.7803764002424274
7TCN6IW,0.8258175682988196
7V98R2Q,2.353630028215803
7Y2MHA7,-0.1908125173253612
7YI3CHO,3.0003249216980175
7YL7D6W,17.647485607935497
7Z6YOV0,1.814583580801179
7ZGJQ2R,2.3250384123372294
80PSDM6,0.8712078546394965
80YBLWC,29.88626817107509
82JCYHJ,2.916861026518445
83TRY6G,1.9910583264874493
88NI79C,2.3179865978952594
8CO88MA,19.02469126315966
8F9XEV0,1.7113826344785743
8H1ZG4F,1.793493993498668
8H7C2ZL,23.696413511577948
8J4DMMT,2.5268298154468996
8JAW9CN,0.4569947680226266
8JIS8H6,16.307341942834285
8LYR33E,32.99151209723893
8M6KSB8,34.28222716434197
8PIZIXD,8.622262436960984
8Q4ZXKO,3.3188117366495185
8RZT1QY,24.027995277080375
8TZ31BD,2.139561738356652
8U22RRT,1.3453875141871237
8VMATWP,3.086316937558402
8W7VAH2,15.436608538589425
8W9J3U3,5.428020039771744
8Z4XDBI,-0.20116222375334783
8ZSIWPM,35.9364390301735
91KR9VT,32.248976141183086
933QAGH,0.6500813006037862
95NNRDB,3.7307072130237637
96MA3AF,31.808322900542873
97CLVP8,24.728356390770877
98S7F3M,29.114728170766465
99AOQGC,0.4173583289271906
9AWIFKJ,26.947798826362355
9BERHOH,1.107766179709332
9BFNNF9,6.21664809040699
9C9NGOA,3.3863348207410837
9ECLL9Z,33.632914900149544
9HS5M9Z,-0.0762098431792881
9HTBUN6,39.03742744469284
9ISLQ60,4.983816896423669
9J02E7F,5.26215192912133
9L7B971,3.220089431721271
9ONYDLE,0.7483094927516702
9PDHCA1,37.60902313160547
9PFP18S,3.9244746433717372
9RF4OHB,31.536288161440382
9RIXRTY,1.236093325792069
9T55WOP,35.24057811161522
9TGSTW6,35.4452871108729
9UNT4JY,17.08528338162505
9YGQZWQ,2.052699919302415
A1OF2EL,13.046089073389382
A29CQ8L,12.463031499664192
A5LQQ0D,2.6574221706514254
A7J2YLO,34.09278078473632
A8KQLUM,1.3900852435724431
AB21C6W,22.224292066326353
AERL2RY,14.129779160335554
AEUUU5U,23.23980409898749
AG7R283,1.7137601217050282
AJCA5P8,0.9343915286911388
AJFPZZZ,6.501689120341831
AJSS5A1,19.87992135222525
AKB182C,40.28979810665239
ALDWH1X,3.07392244682172
AM4T8JY,3.2522499535774423
AM5E92T,7.036332294913748
APPXPKB,0.7016496662502025
AQFXYE9,27.151361851257015
AS5JRV6,15.936417099695145
ATKC6E1,0.4199362913526995
ATRGY6V,1.5069317772182669
AUCA4KA,31.065387554452553
AVHWRWG,2.0768861660203757
AWTEJT5,10.745850042180052
AXMPXBT,6.142500220117956
AYSTXS1,1.7827154792329076
AZ4NS9X,4.242505030805537
AZK6D4H,13.333760440681406
B21VKS3,0.6880211440672725
B2V9IKE,19.30687706876154
B3NCMQS,5.651586851084197
B6975OR,3.8425385768821605
B6KREXD,4.657649319408629
B8VHYMI,21.71945601387437
BDM72I6,28.514233916882908
BE7TGCB,42.44293781799949
BEQU1O6,0.006972365411253917
BEZN5NA,16.687772753547996
BI9LJ9F,7.1322637701722105
BILX913,0.12688592995198364
BJYZ72X,3.240102865825597
BJZYAU2,35.99448301079317
BK5HDYT,0.3193523629576737
BKM3H10,24.853550712192742
BOHWVWP,26.10541017338059
BOTF02V,0.5366252700287645
BPBJ33N,32.46456552341472
BQKYO2C,1.240089059149502
BVMB1WZ,0.7379166544968196
BX0I0XW,4.7687525420845684
BXZ5ECW,7.805652612159821
C0J0F1P,0.12235764389948059
C30U17K,0.8649614459526122
C4CD8HR,1.0858306563721305
C5R886J,36.73803516287417
C8CSK7D,0.21874807302659907
CAF3OAU,1.83004050027501
CB1QAVX,25.1243414254806
CDOQIA6,-0.09707831294781397
CEQ729A,33.28948960546321
CF0FDBB,28.767166341265543
CGZRMFT,0.4402397310584683
CHGGEJ4,5.166011267129275
CI7SWQC,15.035297511457426
CKSFQXT,2.4622533497410997
CMDVTUQ,32.3013897058885
CMEGM3B,2.8432158771033977
CMVQOK5,5.266004314953049
CNC6RMY,5.431052838677075
CQDFDC9,36.41435749422122
CR90ZYN,8.342946628563983
CRA8AXR,29.923189104622605
CRM7XGR,35.03038181017374
CSJMN94,0.01867936289084641
CSQ8ONL,31.271792907522332
CUA2D7G,0.5795351011548988
CVYLZ5L,2.871560107616422
CXWW04U,1.938134961717322
D4GH9YU,7.450625617571215
D4KYOVL,1.5635962560145553
D506X95,39.12455672758563
D5RMK4N,36.83209778304367
D6IG1OR,19.89893857678036
DC8TVXY,1.040737745733436
DCNHKH1,4.873224089904268
DCQAJD1,1.1126131885360877
DD34F1L,39.985189142965034
DE427GM,5.235745231205483
DEYZCCS,29.425726911322737
DFTL7CQ,3.1850874321410223
DHC5KRP,-1.099687802399493
DHEVN3I,39.280399755481056
DHQ9UFQ,4.452521197611847
DK4DWMH,27.13980562753607
DK7XROB,6.374278892716809
DLB3WRH,29.928164364645426
DLG0XMA,29.351637917415566
DLRMPO2,3.4156330421639267
DMYKPR4,1.342572533345271
DPXRQX4,1.5150386095326513
DT1A9E3,5.770409239117855
DTMHZ6T,24.522805338076772
DUCAFUH,34.309653884505416
DVTE2AN,42.66454595159352
DXL30LA,37.84019236329671
DXXUNY9,1.032974844829297
DY5YNRV,0.9601358567269347
E1FC68F,13.322302674582142
E2ILHEI,2.338246685792477
E2MT71O,22.61082478284606
E2O8E0S,4.316929160583934
E4ESNDQ,20.875172636465948
E64E4F2,37.026402990170276
E8WJ4D6,-0.46884552393175766
E9L6ARS,22.794105578975525
E9VZB68,17.78347728169985
EAX9J3P,2.6282440974774466
EDRQNYR,0.4374380070039366
EG65A2B,26.67620487867516
EGZPSVI,0.36628650063107643
EH228C3,38.42157615822118
EHCONME,13.259836332531407
EHQZ4Y4,29.075581504997047
EIO9DRQ,25.423949521040335
EJVC014,-0.2414571269498106
EKDFDQ7,37.360169479313655
EO8BCE9,0.18267590915384835
EP486A2,0.3422164280094254
EQO0H5O,36.81328468127826
EQYUT34,0.7948319373928716
EU9U747,38.8912875196461
EUCT2HM,0.0675276521412824
EWWBQKS,11.273412014301783
F0XCLZ9,0.8017624392086642
F2C382V,7.427211811788126
F4TDEO1,5.383406298817134
F4WT22B,14.452799545954681
F4X93YN,36.00578826899785
F615LRG,6.716011072881924
F6IUZUE,11.481366124198475
F8L4C24,7.092215526979895
F97GO45,15.004097657412975
FAJGHMF,0.7568622779114966
FALCTGY,14.406152211312383
FBCRMC6,28.675785698934384
FBSIOFN,-0.12070440671101704
FC5H2XI,2.443596800779946
FE4YE1C,2.7714078559615536
FEGUXNF,37.408249931430234
FG6RFSL,1.184850607251232
FH3L9HI,2.068651113525841
FL647DD,0.6460101735109285
FL9EGRN,3.5445173776550667
FLUBYBI,35.58691105089815
FMQPOZ2,0.19719830139692676
FMVQMD6,12.398943027228771
FO9ZIP1,33.040318337931076
FP4US02,3.8643705806696893
FQUA0G8,6.049033114113494
FRKT13D,0.9017796289186203
FRYE2T3,40.23904739583975
FSKQ43U,11.178908458119228
FT4FYXF,-0.6622458089066998
FT5NICP,3.692233037547054
FTFBY3X,4.905232427955644
FTIG3NA,6.3243758389743325
FUNSQ0P,15.308940762777675
FUTQFXD,30.945812725537735
FWL6RHB,2.035671736883483
FYGWYUA,4.912957141501664
FYTPD4G,33.34271759931376
FZYBHN0,29.916381658940928
G1IGQ85,0.5462302053911563
G2UPTB4,6.458206981478251
G351CWK,0.9282819110246241
G3WNH2P,8.17868451077943
G4DSUVR,39.825523294747015
G65EE2X,0.698956803092471
G6PSA7A,3.196237408028401
G7SVLIP,-0.7195674407431326
G87ZFLI,37.920400874638375
GAHA6EE,34.14978313222211
GCJ2R0O,2.73485568200715
GCR9H4I,28.44307854981746
GDESAIV,12.042217713374395
GFA2A6P,-0.3724499495408168
GHY7KTV,26.77500482232343
GJOSYVF,0.35612583889353616
GL8ZFZL,20.52551299674536
GLPX4S2,3.4069817674795133
GM4HYV5,19.729699484897424
GNII8UH,0.6806680873977291
GR09SH6,0.4749805319734316
GRF7F86,2.3272173005221175
GS0GUX3,26.42215794900153
GSSEWG6,9.315766597747997
GVK341T,13.332483614601074
GXE9IT5,16.974984142960988
GXFDASD,20.35608541925764
GYP1U5X,0.6633650568350775
GYZZQUR,11.141754576555101
H051PQS,2.1071308060440055
H068AI4,24.87383843794973
H0BQSMC,23.711021849407736
H0CW9H7,30.751522299430867
H2BBFBM,3.0165550472468823
H2FHGXX,2.765769148557751
H5ZFFVP,4.399224311570684
H6B0IBN,1.2642932419427935
H84XHH0,0.3963841102396131
H98LHW6,14.858105426722782
HAICAXI,-0.15961143771384617
HB6C2VM,3.714657691963153
HB8UE93,15.319320535798635
HDC1SOW,11.822209882777049
HEHYAN3,3.894282677663713
HFMBQ2K,5.777913274110964
HGF3YM1,-0.2133336251009604
HJ0J8A4,1.8713065418526216
HJFNQ4Z,19.80455455064276
HKJAHMJ,13.250931586688697
HN2VQUN,29.575499122833058
HNODGSZ,24.816447179574443
HO8AH09,1.8425828370425876
HOMRBI3,-0.4600024377172998
HOXIMWQ,0.5155390182184572
HOZAVUD,1.6196254192501391
HP6L7CU,0.3604696515471126
HP7G5SI,17.86986748074641
HPDJVKT,16.33119401370518
HPOTGMM,8.088281010547753
HS3ZUIC,0.13854372925794056
HSBI33P,0.8336886297880755
HSQJD7X,0.018779089905176537
HTMSKQH,34.713042966781344
HUOBPRT,26.501190180422338
I08O4A2,2.545414455875478
I0S99NO,16.91051742371165
I1FLB1X,22.435961248562844
I30EI2M,1.124034416524047
I5XXEP6,13.119168712417197
I64GJA9,25.268397065843846
I6CB7TV,0.8884944288067891
I6K3TX3,3.0296648971869855
I7EWJKO,1.4151184925003777
I915T3L,9.70202356828251
IBG3UBW,10.053750888799197
IBRH0UK,0.9991327455186912
IBT03YF,1.7347394429845537
IEEF6U2,1.6350583905759888
IERSARJ,21.225712819127885
IGRN0CD,3.4588651177414365
IGYTPRV,37.06060764641926
IL6AXV2,-0.6436982455855877
ILTB4TJ,31.644610101606542
INQ0595,6.040020783925607
IPJXBNX,1.7502788351394145
IQ6B52M,0.908921807605326
IRJC07R,34.30509383652242
IROJ9OQ,0.756141765461367
IS3U4NX,0.25612069571984797
ISR4UP5,-0.2502756352162743
IUF7U02,31.53324335565398
IZWTRY8,25.61473551316261
J13VWU8,3.7472665087200214
J9ZC8KQ,1.0609563284693118
JA5IZI6,-0.3051599997807986
JADS7KZ,0.24219408709164186
JDITQLL,35.91749001949161
JDS11FP,35.62746374316963
JERFJPA,35.71067370105814
JGRAFZR,13.809952191812323
JILOBHL,5.873232442966267
JJXZ413,40.21454339135305
JK0JD5Q,0.2889582676943994
JO23YAB,32.80229107293481
JOEY6VD,0.7811594904431985
JONLVA3,37.86532547614452
JOVNCCD,1.1385655985279786
JP7G0TJ,36.09655330574293
JPLEKFP,28.826830164359347
JQIKVQB,1.3403340093590115
JQLQPLT,-0.2576226247581551
JRCABOC,33.97283612696349
JU7L4Z8,2.0329806868721523
JVGSVUU,2.3910605956447215
JWB66T9,2.1519592033226593
JWU18S5,6.669415713133924
JWUNRHJ,0.21453842230973308
JXEEO4C,5.635968528228762
JZGQJ8S,4.795192793076931
K0N9P1U,2.6189935327462894
K0X7GEF,13.696094040183638
K10QAFA,18.412256623978145
K1BHMVT,20.175337144758878
K1GUNP7,2.198700949943961
K2LRVIV,12.938791282186349
K41CN5K,1.1299008817478398
K6RTCX4,-1.1064892777439677
K8W0QKS,27.504137900148255
KAL2K6J,16.60246771126797
KAVI2N7,1.758951688856865
KBFI436,1.7173818516634896
KDW4FH2,-0.07456767059061271
KFY6NQP,0.3156301633330135
KH965L6,4.871571123823557
KHA8AKR,29.755919585274892
KHZD78Z,0.05061607411590372
KIPA1Z1,-0.41925321059518195
KL0XRM7,36.36640847556227
KMQIOPL,31.063719479724615
KNTFONZ,4.863814277295056
KOG35ZD,6.134008328759129
KR4ZVZU,1.2758540091510375
KRILFSB,5.298148879638473
KT0IR8S,24.279494499997885
KT4DCML,1.8790716164619254
KT4DV8U,0.13077458617045462
KV9S7BO,0.21085857018386428
KYV0YPK,0.7115734536741474
KYWK5FL,7.131128678025402
KZ6HHR7,-0.05974772570030382
KZ9I7G4,23.54160724572093
KZDA0TR,4.922507868851654
L14R619,0.13796613200737173
L14TI9W,0.5874793204623475
L296CLJ,0.9057672961293054
L2SH4Z3,0.6587564849052936
L3108JM,22.687789555493048
L3M3MP4,1.0031824910169531
L3RDZF7,38.44378534035913
L5KP644,26.600121705450725
L90MOJU,0.2653198636940918
LABCTSY,3.5451243629335165
LB9DYZX,1.8751596271261064
LBJ4V47,14.327812743598221
LCNON4M,8.35131987270908
LE0ZIZO,1.1464968002078852
LI27M5L,0.4812992890193458
LJ2XPP0,1.2158212221335627
LJX33VY,0.30533482314055366
LN1CZWZ,26.366960740785526
LNGUZ2C,37.63756946332141
LNLWG10,0.2873650472490108
LNNL1RQ,-0.09878498577916202
LOA8BK5,24.81122453184155
LOZM079,25.707492127672726
LR7MT81,16.860594540567117
LRJ3LYZ,-0.2550047065323401
LTSRY8L,3.833746435315752
LU5H6KW,-1.3572246617708847
LVDXGC6,2.103653915332317
LWVVA1Q,0.2598626122819978
LXFQZIP,26.93067052627317
LXQNDTB,14.414011446005896
LY89Y4W,0.5265310477308398
LYFZXE7,4.550276781590146
M0L2YZI,17.871292536379872
M0RK3DS,37.76331317260899
M3G1XV8,3.150513491843456
M4HMED4,2.207295547328214
M8H3UGM,3.6540832281684614
MAGHREI,-0.1119884621995046
MB9HM4N,-0.14673523700267688
MBCPBZ6,3.0024743117766732
MCHTPDO,5.25266257619832
MDDALNY,32.541894248559146
MDY5G9V,29.065109645284544
MFN67G9,1.4878874344756114
MHNMH6Z,2.9392876927117038
MIG763X,0.050300051375726185
MJLGMEK,3.056521415064305
MJO75IU,0.464960793908216
MKVHOLH,6.117672598433269
MM37PJI,14.901970311943947
MMCJPLL,28.534780136983073
MMTJANS,33.060893977487154
MN59YXM,15.80594536784074
MOC9YLU,0.1395970234794522
MOI31TE,30.510740031702984
MQ3XADH,19.721697402087134
MSXTFXP,-0.32115856559810985
MTBC19M,12.959705293038018
MVXMSBI,0.6633483071326272
MX9JAX5,23.924564362505823
MXWBZDB,19.872877241055704
MYKRT2F,0.8205312068857349
MZOQHE1,26.501868495239904
N01GIXS,2.761248176544628
N04RVND,11.133141082725444
N06USYP,24.839472689028643
N2KF0V7,1.6768315706739447
N4NLMES,4.3410818856030025
N7GJMJC,0.692195069943791
N7HHK3S,13.06981347161307
N7ZUKG2,3.168718883809979
N9T6VLM,34.35618769002106
NAYJB10,35.94927673718947
ND0JYDB,35.12819816148453
NDL8SYB,7.144988660002594
NGHQY9E,0.8082973510863031
NGPVLJR,1.3037103335736733
NI07H6B,35.34304783114346
NIV1PX6,1.1277514583180994
NIZ8E6V,-0.26828816255980875
NJBXEA9,33.27143924320018
NJCV4SV,6.550352670617238
NK25JX7,2.3693630841434006
NK595I5,3.371207989251308
NKJZ0P2,1.0593235237358336
NLSHK5G,5.5629819796986695
NM86P1X,2.6334897250029043
NMJ91KT,5.294565825430592
NMOE9MS,16.794408086247834
NMQB7KY,1.9965941880119793
NOGV1OL,-0.3832758452396819
NS1NM6I,36.86326840100609
NT4Q0ZN,23.625110147219523
NTE87ZD,18.380415086517342
NU8EA7A,2.7193488929029357
NUJU0CV,0.5556380864152357
NW13DAE,29.749141986454227
NW3L55I,-0.02447159013987136
NXU1FAJ,0.5330363797360314
NYODCCH,1.3012414655391553
NYX6H0Y,-0.3573444965740782
NYY0XPX,3.495042642154612
NZJ061W,2.001425408099392
O0B0W9W,1.3657436362153048
O2RJ5K0,2.0115595452078288
O44FHVP,3.829307191693008
O54VQNV,19.51807082559613
O66E2GD,26.31136626758165
O6BUZ4X,0.250608241254065
O72ZAMH,2.4190209383335652
O8TLCHZ,1.3704931127177862
OAJK6MW,29.624272033436835
OAUV81P,2.660958342080733
OBMXWKQ,21.458897909539022
ODNFJ1I,-0.041062951074560525
OE6CHSJ,9.40259589697506
OFISK6Z,3.2403431996427683
OGJCMH5,0.06657818523140627
OHHERMF,12.106064603290642
OHRIL2J,6.007146083894
OIIQANC,0.9651403831932639
OJF3LBX,0.2724712203987485
OJFDFUL,35.02759304543626
OJV6V0S,19.07586750892175
OK14ZYP,5.1957267438879535
OK549UV,-0.6858579385837258
OKR2Z1E,11.710749695176125
ORDQF56,5.214723110462539
OSU9FUF,0.9728678616658352
OTWHFDS,4.6251591533890375
OUDIE7M,2.7173614138715365
OV0H82B,-0.0077549668883854115
OWWO3TJ,2.2584421015287246
OY6MMSI,27.646515424152852
P01O5SE,7.513222790004839
P0AURVR,4.106234451761856
P0PNAP5,38.381036338797834
P0YRLF8,40.066537971404124
P101U1Y,11.11120286532238
P12LTXP,1.374252558289339
P50W51Q,37.82972303271569
P5DRBT5,26.55206378292761
P6FYCS3,0.5995265507013497
P9TF6H0,22.37705697540542
PBNG5I2,5.633756415609851
PC3PTM2,-0.11154918864504552
PCGXFAT,31.18170973009706
PFZJUDY,1.829685066438202
PG0TUFO,2.2647053844964686
PG8VHKY,-0.17147200096647314
PGYPB96,0.6261667916429301
PM9ZGVN,0.7546742425258953
PMPI904,12.926852375268208
PN2QXU4,-0.3281470087268378
PN5AEJR,2.292579278368527
PNJ2S96,1.0617368553465152
PPH0474,16.564336321558482
PPOUS3C,16.362335026621565
PQOZQ9W,6.552568803304593
PR60JLQ,7.785257585361405
PUR3YEG,1.2062139853390377
PUT5QUT,30.723762324737482
PUWWXS3,4.1813956019589344
PUYBLCL,6.424187267324849
PV7EBPS,4.564639052756475
PVXKA3W,0.7705937590837914
PWC55BT,38.58627727794436
PWQR8P5,41.65388835850477
PWS7UD9,-0.43107085206967266
PX46FE3,0.8332360993709085
PXXEFA4,37.068598352470275
PZUN8NP,1.239303449133161
Q1HNN28,5.457316162937554
Q1PCL13,0.3075551863828997
Q2JRIJN,33.41845815139838
Q5CFP2T,-0.42460282888867174
Q6143KU,4.60081503202567
Q6U5I4N,0.5339304368132778
Q8BIIZU,-0.6026823123221522
QAMMRSD,27.94887261996529
QAVLQCN,3.972718430101497
QB85T37,0.8728338960525596
QBSVYYD,1.5597306031759355
QC4RN0Z,26.671416079752657
QCIILW3,34.60171839109907
QD2GE6I,7.222980504347113
QDAV94C,0.750326544099142
QDDDZYT,2.270665843612817
QDPYL2U,0.9514165528326715
QFG60LS,2.007537592106903
QGCAKZ6,26.26575667461838
QH706K1,28.618497099938224
QJWTY2B,7.1489739352602015
QL9SLDS,2.723694089158837
QLFK8BS,2.900903361342376
QN3PKLF,31.43840234509837
QOEBOR8,30.583560834918977
QRT7KJF,8.297512760663157
QYE25PI,27.664673076381312
R0XEUCT,-0.38173204840095076
R3H5L23,31.917528860365053
R48DF2L,2.2796855086210703
R5927WW,-0.03672395256524948
R6LT29V,1.0018471390943513
R8YU11R,5.268334033307566
R979NJ6,0.6331596265685477
RBAQOFV,1.329983975954911
RBHGOKY,0.7274772968292214
RCQGWY3,3.6955567418612034
RDG6JOX,25.618083911289773
RE3QZSQ,16.715997127119163
RG750W1,30.093083489268725
RHK3W5P,27.532812816981476
RHTASON,5.1551560926329305
RIA9L1X,0.9596334479146105
RIWAT3Q,5.106120463423556
RJN1OGL,5.4013150674635275
RKRR2HK,29.022080366810695
RKX72I7,1.68860570879665
RQ18H79,6.711595155442444
RQ1U4BU,1.9540190190656308
RQID34P,0.44079290311097735
RS6CKPN,0.18320946297910018
RV6TP2Y,1.7017411361300159
RWWNTNS,24.919241683627394
RX0JEQP,21.074580516603284
RX6KMNP,1.3878709702386618
RXPYHF3,2.537231161003718
RYFH3P3,21.031961794699082
S0Y29Q5,2.2015720713591795
S2L6QF0,0.7298191830504809
S2Y87VX,29.85981411713471
S4ZYSZU,25.906768883658014
S99UBPA,3.1443501781828274
SBR1I5B,14.96493302321081
SBYNJPC,29.385313435015615
SCLUFL4,37.266493784838566
SCMB4HS,8.142823517942833
SDHV2E2,5.89479662870172
SDLC84L,-1.019861013851949
SFW9WE4,37.98787198106233
SHKI70P,0.4428877028408479
SHVSINU,17.431199561047666
SISXQO1,2.79208357131533
SK239FE,0.1743668038125607
SLWT623,15.736685406380252
SOWKV4B,3.330222605508837
SQY1S3T,-0.10207772910361293
SRML5XX,31.12961788133411
SSEAUO8,18.92109730958805
ST21GGG,2.7263760349147197
STSE3UQ,1.3857790808354635
SUO3D2H,31.346544992809402
SWFDSHK,3.557429728218034
SWKZV33,0.080100844146704
SXSHSV4,40.9490794158727
SYOY7YP,20.593313115913627
SZYVVAJ,1.7272680056361864
T16HRPB,40.77514518261968
T3FQ1IO,1.2118051309602502
T550RFY,29.722736044607966
T6GPZ9H,0.5995378466751298
T76P2C4,9.007075181970917
T87F8W7,0.10642308239635782
T91IVRT,4.141580665819474
T9DMXO7,0.8906001050296531
TA0D4P0,0.218450276627541
TA8ZG38,27.62312414549271
TAHVMK0,1.6578495933345576
TB7TL8P,1.2377240854030496
TCUK28W,34.61688908229077
TD4M9IK,11.306682839636455
TDAXQX1,2.9569638527683066
TE59SSX,0.9437842570814936
TGOMFD8,5.130006936451712
TH952D6,1.8239858562132998
TI0U4IY,34.50161585478353
TJ40R7Z,29.880909562352237
TKML29Z,-0.10507444655770234
TKY534E,1.907597359453624
TLBPRJT,0.16112092588524257
TLRP1RN,4.930159040563744
TM2BCK1,30.682245059576882
TNDL3KQ,27.05134182013611
TOC5EQQ,0.8632045689554484
TOM8OZI,1.0191002216982583
TORWZ2S,7.570224111174047
TPQ42FD,2.1149639971742173
TQK8SE6,3.41717485027712
TS6ARCC,3.658171593984398
TSIHOGS,19.873346830386282
TSSOEEC,2.419195280396701
TV0NYBT,35.88838726230185
TVCIMNO,0.5846159410863851
U26ISD7,0.2582762236101134
U3KWRHP,17.27957816025475
U7CE78T,27.139136596602043
U7OFXYN,22.5552175605145
UCERMV9,3.225456250739266
UDRXCVI,1.7863160586747013
UDVPP7H,34.37402953073361
UDVQQGH,2.0643581716326556
UEMFQN8,34.11150802068327
UEPBGEN,13.34275144648522
UFQYCD6,37.634086950461004
UG4033A,3.497455345952107
UGBKXR4,0.23637172575193732
UHH0JMJ,28.93211046411647
UII41SH,1.0986874631328993
UJHDJHG,37.48681812455872
UJUYOLI,0.10649404006378846
UKFHU8P,19.50259320808153
ULKCFXQ,-0.3144750480399565
UMXNA7S,2.8668809716160326
UNXLCFA,0.0017946115216014302
UOTYB4Z,1.8085430099765616
UPLYPDZ,27.45484595322831
URDFM9C,0.7592701004168002
UUYQ8U8,-0.3803491646882531
UWC9O6R,-0.3966007219024975
V17SWCB,9.299273623445336
V4AG3BZ,34.73674242943172
V4TGYUD,1.4834389714889695
V55FAD9,-0.21842968460231113
V6J7H8M,3.609853253829487
V6KT9YF,-0.064329060804163
V72HTL3,2.217736492862744
V7M38SK,2.602317857375888
V82OVOR,1.830194752519334
V8CR93T,2.4774398212298565
V8JIS8T,0.47797053004022355
V9AFHQD,19.35388782537671
VA2T7KX,-1.4277675837871484
VBABIFF,4.797572355957963
VCGV5PO,0.08705075101338347
VCOS60V,17.249564362178262
VGIYTG8,5.250606553964454
VIYJ2S1,18.44617370334092
VJ4J06X,32.59386078584355
VKEJEZ4,5.223916506045689
VKLQ39V,-0.11062501831794398
VLTLL4G,5.397089829779477
VLYY49A,0.012593421008611374
VQUNXHA,0.8800141844784024
VSI7BPX,24.187197257729913
VSNMUB5,17.140512805446175
VTI2CHZ,26.075213609537776
VTYXS93,15.512803386636293
VUBGIAF,0.5441071240505879
VUO6R2Z,2.109501831091441
VWCFGYF,3.125445544088154
VXNG30P,29.19288030043911
VYMVWT9,16.91818667097594
VYNVAPY,31.66187541893703
VYWR87L,9.258869148967024
VZEPXPG,19.244492412700556
VZICCTI,3.890961972489958
W0CNP79,2.2068130755561053
W2Z6J2Z,32.43542487015187
W5T6T2N,36.254655845329594
W6VEMPQ,25.253210040457514
W7R3LVZ,0.21926715517532758
W9AWQ4O,-0.6832439410667964
W9YLEKZ,2.4761753524904107
WBPJA6G,0.39558530959362176
WBVEPDT,0.329457202001264
WG31KFR,9.214095228099698
WG7DVB6,36.826625017209054
WGWWSS0,24.831695989515154
WJHOBLB,29.635593766574623
WL27YXX,4.9192574868929935
WN4C63S,2.4521251962688977
WQ4CH8P,0.14929135053020032
WQ4YJXP,4.721372553142876
WUSOYJK,1.4488699045549924
WV0SZOG,0.29589948136073474
X11R9DJ,9.483334497313702
X2FJEJ4,29.952545738371754
X55EOMC,0.9253656161766793
X73JLGE,-0.22711677354905735
X7K5LU8,0.922750542930123
X9G3F3Z,26.208487889530517
XA2NBUP,22.548552063863745
XAZ35LW,-0.3854789471288567
XC8ETQL,26.482233507072976
XDHC6GG,35.98183477826337
XHQI8KL,37.86737451347347
XIIGZTS,37.02488722097497
XJRGZRJ,0.9973080390669743
XM7IJ8L,-0.22417233492855063
XT6TNAN,33.004185190407235
XT7CRZU,4.341113462346591
XU5DGS2,4.1459971312717645
XU9XIXF,16.06504967394176
XVZ2RIL,4.519382288826694
XW1490D,28.43832546737899
Y1119PM,0.42601888310529007
Y1M2G3O,0.4901913695712673
Y2V57FE,20.6454354224668
Y3AKS6U,-0.1882614707726924
Y3W7VYK,0.47166188175355533
Y4VZQZF,5.476621915229771
Y5EMJGV,3.359798415675199
Y7G7PMW,4.739706345016449
Y80ASGS,32.21412173905654
Y8LZQKT,0.10479755904024475
Y8Y08IC,1.6619968983638729
Y9EHU0R,39.01342345379645
YAKYSNG,2.334020676005455
YCMP3TK,1.063004270443467
YDL00PC,0.5728582812291908
YE0GB1U,17.804491161778728
YEZMCKP,0.5728399542628306
YF7VZYM,11.409280498833718
YFO7J6P,0.30009728564086896
YHX5E97,36.90179322305485
YJ5CIHU,3.3451548128561095
YJFF28O,24.8051428211729
YJLAFIK,9.181342505703663
YJTJ3L0,12.072802329984437
YLM1PNU,30.756493628405757
YMPLAGW,38.53643959863323
YN8E8G6,1.446022365922299
YNH3CWY,-0.031229678389024813
YO2YZY4,37.36376546196577
YORBIHJ,27.499723223020727
YQ3FRP1,26.83496046581277
YQU7L9F,0.7148065979006492
YV20EMP,31.548956171809095
YV2IUYV,11.1755346491553
YXAANFN,0.0020320526147774133
YXK58V3,23.78905618193932
YXLBNNQ,0.5548374043578259
YXLY3B3,-0.5463202305682251
YZ5ZC6D,32.203904261419254
YZ8PFXZ,0.4432698998270945
Z1A2M3S,0.46079108059109003
Z37PQTQ,2.73866838179036
Z51GAXD,-0.10284799816276873
Z6JMNCM,14.034553823278216
Z792KK0,24.275016459728455
Z9C6CFV,28.372271656581525
ZAOFFCZ,16.544542552332935
ZCIA93Q,34.282219894822866
ZDJMCKC,36.43564298964605
ZFB9S4P,6.41937226533813
ZFM74S5,9.375429254878894
ZH2B8CW,5.180917931490437
ZHXKN8M,30.822365615775386
ZHY9YK1,12.940403943789727
ZLVOYMA,34.936948710267885
ZM60DUE,0.9498027839222569
ZMIUDEL,32.29641226290214
ZMNMD3T,39.56918798110628
ZNEIOE5,22.512575179740498
ZNKN081,5.516207248827548
ZO1LB7F,4.0952704180691155
ZPENM3F,0.8918254348488379
ZPMPL47,3.2521247868742456
ZQFMQVU,24.174693373141295
ZRAHMG2,0.0802021088585469
ZS0Z900,35.43530316745203
ZSNE8SY,4.840300765575135
ZUX503E,2.0031129502423353
ZV3KA4K,16.16640793456817
ZV99Z7P,1.445188585004464
ZVO9F7A,3.7222792703782543
ZVVA1LV,1.8996738100831791
ZXHN2A8,1.6235484547712145
