ward,target_pct_vunerable
00A93O0,12.740575957639868
01V40KO,31.085861098612156
01ZHVW0,5.661692888413926
028YQJX,2.160728668707618
02G8W11,-0.16234698610779252
03RU77Q,14.105324170931027
0935C30,22.350114781813552
0DCE4FB,15.206793511118654
0DUEHMX,1.9621534515586405
0FTXTHP,2.743817264369825
0FXECHK,4.544490007835664
0HCX91F,2.572462269890879
0IKGARI,1.1370908695585544
0JRGKQ4,7.40611864097312
0KTSEXR,0.7763097431703058
0M6MX2A,2.8294537570045106
0P8S06V,39.580167691392276
0PBSOBF,8.91829984241169
0PNJX5M,1.0591461618579487
0RA7XHK,0.07189073980528221
0S7C4DH,2.018472667527797
0TRP3ER,41.50913784071191
0US7N2T,27.493811046022923
0WS5BT8,38.16099974119998
0XABPKH,33.31122178253657
0XE31PI,10.948671457428022
0Y0V3J8,16.98434532071506
0YPOXHL,24.53735320037282
0ZFUG7F,10.16813434448595
105NU2D,39.02642910128026
10OB8IW,-0.18917357805945884
14EYJ6K,37.05027295194125
151LFIB,4.2584969780852635
17FACUG,6.600426418677053
18M5SKB,10.8993401173631
1B4JFVL,38.99010466087479
1BF4WMH,-0.20272076935663347
1BIEG1U,3.391222420167666
1C2TVDR,35.25603090531671
1C48ZJ2,22.885569750312936
1CMO0Y4,0.5201281295361332
1CUTFTD,38.4476241932708
1DNN5IJ,30.951444592147652
1FG5H0O,37.51339433017852
1IOYQOT,41.100841528468095
1JBNE5I,0.3903335408185062
1LGRAYJ,12.768932792841664
1O20G6P,0.704484890690593
1PD72TN,31.702659802016445
1Q75HEP,1.2863662852906528
1RW5NMZ,-0.08017272831791351
1SZBSWT,0.08475788414279488
1U5BC3L,2.382873614936944
1WAZ8Q0,2.3973431884196046
1YE6439,0.3307691103280398
1YIF2RN,0.27881680779363616
215TAPC,5.5144023611780035
22DG8AR,38.0404261722983
233CS64,26.385027675202355
24JY8CX,29.648399721437322
24OX2ZO,36.640847632697024
24WYRNI,45.77884450040633
257YM8M,8.297682693761603
26I3DN0,1.586766143857067
26RDOIK,33.610520703936395
2861T51,28.498563964478663
28FV4CA,2.766884864397875
28XXOHY,11.66293005640477
2B8E3IA,35.65088806043449
2BFC9MJ,2.8017513372787897
2D2Z50D,1.704706558071281
2DF76GS,26.554377058017316
2EEDA3F,29.37577276156683
2FO0WKT,30.480951761524615
2H6Z1TB,34.76069565163498
2IZ2FOA,35.81526385643578
2KJIQI4,0.7158409482739383
2L6Z5NV,5.793181478002664
2LDKL4U,26.83607556195395
2MDACB3,4.459035524652464
2MQD51O,1.0434508686281692
2OAIZ4C,41.67610265347547
2OU52SS,27.940736515517795
2QKDSRB,1.3228896568143689
2R2BYQK,0.8801372820527311
2RFLYH2,0.30292196504386826
2SNGXJS,12.860152511552306
2SZ6BB2,32.34668180857413
2U3Z9GM,0.5035518845117943
2VQN76H,2.6895559528254753
2WJG38Y,0.09155834766794668
2WN9P3F,22.446355039842818
2WNNN6R,40.46984692082845
2ZDX7JP,11.242621645523126
2ZJX6E6,24.007759371261464
3369B4X,2.086346923669242
33AU2EF,7.208083692198217
34HQTD8,3.8900845448683326
34JHI35,-0.07156393296551095
37HAXAE,0.2951678241232861
38QC76K,23.46872653498267
3ARUZR4,1.641943103084034
3C8W5V6,2.364001382168156
3CAYCPX,6.158259936151028
3CI0CKX,3.217647843261679
3D0HQS7,0.4979168002492334
3EA16E7,0.5821078943523892
3EHDLM2,5.189582313378948
3EXPKHN,0.20547081498786898
3F2D9F0,41.363446216244874
3F9T39K,30.939872210915947
3G0G6A3,5.053340388885239
3HJ2SJ7,0.3018261408304467
3IMSK3F,17.84802590738895
3IO8T7J,0.6712649381913861
3K1QDO6,31.029597799712683
3PSGNSV,27.51103289811669
3PUBSAF,36.91322967295044
3Q1BEBW,32.16762106282226
3RCTMF2,9.79159506011496
3RL23LD,3.8150924189883684
3VGPDZ5,37.02654004184036
3W7QZ5P,28.79921717926403
3XCKC70,1.3989126076419627
3Y7OY4T,5.735657307748544
3Z7B62W,24.9263387812426
40LFOGC,46.12547876591855
40PHH7U,10.013340134049328
42DZQJA,2.389946998579612
45AI1QH,11.073356547234212
47ICDLY,0.02040526865450545
47XV4P3,24.9536685683208
485MJWX,1.1752741618093272
49HVKTG,-0.05273709552760355
49ZGNCJ,1.7277707684218377
49ZNW7E,4.005728979724251
4D6H3V3,9.589206743403478
4DARAWK,38.05887967868716
4DBURYH,-0.02948416035518436
4IJL6PQ,0.4973129075952936
4K01HCW,-0.01018269766715165
4KVOUFG,-0.20804696992343044
4MUT93Q,0.8115821432128228
4OMEQQM,2.1021881355357617
4OU1J1Z,0.05264933134444706
4QIL7U4,5.876025629364305
4RFNZ3K,2.287483801986339
4RGXG6V,28.579153460219366
4SSME9C,25.038863638800986
4SXBIRR,11.508080709058174
4TAUY40,31.594990641832705
4ULD0F5,21.25923689513941
4UUST6G,3.2652179509877968
4W49QH5,18.270083907211216
4W9H5MR,31.464996696114643
4ZOI3KZ,17.402753827203554
50JGUDC,3.043174155305062
51J42OG,18.125172394865523
52P1YPZ,2.4814731331366677
5404OVK,2.9151183906792446
54ILT9A,1.284977597173838
54VKXXW,3.9959015140575085
56AJT4M,27.217055439808433
58DQFW2,4.319134645292668
59A2WAI,1.9647131028997258
59W1R31,0.5504409578618841
5CGFJF4,0.7162449771411816
5EI2I07,40.14929221324308
5ELWVGE,8.261404458375086
5F2CTMZ,0.6747856573378792
5HVS35S,40.76775810405618
5JE13GA,44.78808581353052
5K5GJFJ,1.2175385803317251
5KKOYMO,34.600532064708545
5L3M523,-0.6675409746215518
5LVF7CU,2.312644031728441
5MM3YQB,3.308967372653313
5N0URLB,4.918903578136495
5N6EZ1S,41.0526156524245
5S3ELYF,20.434316512327577
5TBBZQV,41.49962972402354
5WGC8R7,12.046230660552474
5WN9VZF,8.83043522059605
5Y31GRR,38.716513756256106
5YAG9SP,-0.21451729271661485
62E22PQ,0.4412596918750518
652X54R,24.137658015311658
65VFJHC,-0.3856200853041701
678EWN0,36.60225038724475
683T0RS,3.7399890274296776
6AFF1OZ,30.318815068636802
6C3151N,0.2885605545540534
6D2WD86,0.6787228901691423
6D96UPF,6.655507253082407
6EY3N45,0.08550400545231868
6F42S01,0.46582507739467094
6H5XB06,3.2948219320229954
6HBMUQ1,34.16903524759816
6HR8849,4.929159412655094
6I2ADVC,0.47290723720052513
6KA2MF9,26.466128993363693
6NY6KYD,0.2825931394036778
6O6VZL4,3.0491490974618487
6OC1RD0,19.772307119595713
6PSLJ54,29.546412329648952
6QNQRT1,1.6173735590205225
6RGO7XW,0.6386874341997882
6S3AVBJ,6.698591981181911
6W07TP6,13.136063970429602
6WIZX7C,28.95511150612854
6WKWAXF,25.174323154745885
6WRMCTV,1.1809256055640511
6XO9WKJ,3.137878522049425
6Z0AG00,-1.3229082344058674
6ZX6KZY,30.281188442448567
70QTSOC,29.476578635957942
70QWCQN,3.382119424382729
70TT5RG,32.30920023601526
722FB2E,2.2018470022174808
727BLLN,0.077702695026557
72N4VXM,41.03840750985062
72QMGGF,27.900654862335877
7376KM2,40.05970231106612
74ZW69I,25.54555676471396
75INALX,37.71521780628432
7674G9Z,13.180613444606593
76PGI5C,1.6200807528113272
76XL1DS,11.946042077272583
7871DQY,-0.06044062349021853
78NCRDD,40.0685692375635
7B9PJ46,42.22935618699195
7BA3P7L,4.799848631527915
7BGQBZS,39.48361627773552
7CESXKA,2.4031528419468473
7EYP4G0,4.471858855993517
7G31XF6,20.589229593052
7H1DT0M,0.3426603807857721
7H26K3P,26.884015072240576
7HJI3YZ,3.278804032243084
7HS8XBV,11.339396563086716
7J63FDQ,0.8047675866995117
7KMO5P0,27.19742493643266
7KW3SI1,0.7351455634256394
7LF7KJA,29.733572171010866
7LP4WWS,1.7394571161040249
7LR536E,39.21357871329798
7O4GI7N,4.994575529302157
7O5642F,44.81076911686274
7OGTH2F,0.39769617274031815
7OPTXE8,1.9451950787916725
7QEL4LH,3.1222281912090524
7TCN6IW,0.8200147403810806
7V98R2Q,2.7620511384021844
7Y2MHA7,0.31347493671267557
7YI3CHO,3.0707602185310185
7YL7D6W,14.672285700967688
7Z6YOV0,1.9324378073666337
7ZGJQ2R,2.1895520270667577
80PSDM6,-0.01132771756677126
80YBLWC,32.956701603720234
82JCYHJ,3.2844567894036762
83TRY6G,2.286920513539969
88NI79C,1.303399784180014
8CO88MA,16.76971199699565
8F9XEV0,1.6526330298214964
8H1ZG4F,1.6335843442022429
8H7C2ZL,25.719224279145394
8J4DMMT,2.8173457175637586
8JAW9CN,0.3848516985253658
8JIS8H6,15.657524918479988
8LYR33E,36.02908209424968
8M6KSB8,34.81516828812839
8PIZIXD,8.296061053223156
8Q4ZXKO,3.840626116899442
8RZT1QY,22.842285139699996
8TZ31BD,2.34492302045773
8U22RRT,0.9298124521398127
8VMATWP,3.760092435899807
8W7VAH2,15.095286178062125
8W9J3U3,4.236657447941327
8Z4XDBI,0.23702896232107037
8ZSIWPM,34.19848738802645
91KR9VT,29.588995349149386
933QAGH,0.2735215408133937
95NNRDB,3.4801738758630156
96MA3AF,29.72330726505549
97CLVP8,29.239195394819344
98S7F3M,27.672275061788778
99AOQGC,0.17710306673960197
9AWIFKJ,27.74677762827257
9BERHOH,1.449257193816922
9BFNNF9,4.471318396729986
9C9NGOA,2.865980135878637
9ECLL9Z,34.67104075820314
9HS5M9Z,0.7234040157984721
9HTBUN6,37.77101031357203
9ISLQ60,4.558848674393114
9J02E7F,4.101906714768752
9L7B971,2.7834251793464846
9ONYDLE,1.008596338811152
9PDHCA1,42.15068118018601
9PFP18S,2.0467383961978385
9RF4OHB,32.2638351205141
9RIXRTY,1.2431036619866174
9T55WOP,37.493595881616734
9TGSTW6,38.283020251741185
9UNT4JY,15.115478266443272
9YGQZWQ,2.077762466292875
A1OF2EL,13.270635525906773
A29CQ8L,16.12161465323063
A5LQQ0D,3.0025477994910563
A7J2YLO,37.13343027023967
A8KQLUM,0.5636153255389251
AB21C6W,24.585805945882733
AERL2RY,15.480262940382712
AEUUU5U,24.106551941816743
AG7R283,1.1000031856987442
AJCA5P8,0.8132255706205028
AJFPZZZ,6.03820855369057
AJSS5A1,19.796184190205153
AKB182C,43.59014782443402
ALDWH1X,2.4566347873290577
AM4T8JY,3.014832825164548
AM5E92T,6.027426588390498
APPXPKB,0.8507022220479855
AQFXYE9,26.408987055406627
AS5JRV6,14.600089237881555
ATKC6E1,0.21527860970836554
ATRGY6V,1.2135573802567523
AUCA4KA,28.58738096357599
AVHWRWG,0.9345035035007013
AWTEJT5,9.996551459258924
AXMPXBT,4.24846862791018
AYSTXS1,2.18623005510144
AZ4NS9X,2.3276177193812995
AZK6D4H,13.19970687280129
B21VKS3,0.4005026538118872
B2V9IKE,19.392705852554435
B3NCMQS,5.7631697523754095
B6975OR,3.3009327645572974
B6KREXD,3.5550540064232257
B8VHYMI,17.47748755734402
BDM72I6,26.761293502405703
BE7TGCB,46.45330842490954
BEQU1O6,0.12596625316126078
BEZN5NA,15.827133457805521
BI9LJ9F,7.52897045994778
BILX913,0.8048776660168927
BJYZ72X,3.4113748885999753
BJZYAU2,36.629968703832006
BK5HDYT,0.6285810334134159
BKM3H10,30.17102455405442
BOHWVWP,27.25101276195783
BOTF02V,0.18384000234401038
BPBJ33N,33.11714605928196
BQKYO2C,1.329121216717843
BVMB1WZ,0.352564104110953
BX0I0XW,4.738732663649064
BXZ5ECW,8.368991239306633
C0J0F1P,0.18281030041963622
C30U17K,0.5511499284054729
C4CD8HR,1.0501967749187746
C5R886J,38.30283189829825
C8CSK7D,0.20288026374412257
CAF3OAU,1.657974143612317
CB1QAVX,24.182295633003502
CDOQIA6,0.10745856923441333
CEQ729A,29.24930936625352
CF0FDBB,30.19856273998847
CGZRMFT,-0.032301213811794294
CHGGEJ4,5.244805344361701
CI7SWQC,12.376005620326044
CKSFQXT,1.9508835957916928
CMDVTUQ,28.970428549814958
CMEGM3B,2.817107182842845
CMVQOK5,4.362926640344527
CNC6RMY,4.557828422910871
CQDFDC9,36.151181561470814
CR90ZYN,7.542581471292945
CRA8AXR,28.811016628665467
CRM7XGR,38.74828461049057
CSJMN94,-0.26154925098983756
CSQ8ONL,32.531704566273
CUA2D7G,0.2651018381045382
CVYLZ5L,1.641818599735362
CXWW04U,2.4992704751420094
D4GH9YU,6.236096827960243
D4KYOVL,0.8569737250801016
D506X95,42.09095556976002
D5RMK4N,38.47322483048833
D6IG1OR,16.637662891388164
DC8TVXY,1.1485776105171677
DCNHKH1,5.048271516761342
DCQAJD1,0.6700265304660389
DD34F1L,41.464451483090215
DE427GM,4.930375324843897
DEYZCCS,28.564665367083144
DFTL7CQ,2.899412059455855
DHC5KRP,-0.5019777214631072
DHEVN3I,38.91864862416379
DHQ9UFQ,3.9668707897287088
DK4DWMH,24.41958910874081
DK7XROB,5.456291135839133
DLB3WRH,33.265508698245846
DLG0XMA,28.252266560580125
DLRMPO2,3.2123246995283314
DMYKPR4,0.6123488081238857
DPXRQX4,0.2969781095720264
DT1A9E3,4.762069775181348
DTMHZ6T,23.504311394704803
DUCAFUH,35.53637251759274
DVTE2AN,46.62976511545556
DXL30LA,38.506056097026516
DXXUNY9,1.671959093302801
DY5YNRV,0.9134214968708321
E1FC68F,12.544428982384552
E2ILHEI,1.2301100888541068
E2MT71O,18.82718282373881
E2O8E0S,4.028719831035335
E4ESNDQ,18.899719439829774
E64E4F2,38.44540674074801
E8WJ4D6,-0.10997881542349786
E9L6ARS,21.811878283533737
E9VZB68,16.481447184241095
EAX9J3P,2.7286283114810477
EDRQNYR,0.18251838972611384
EG65A2B,31.56785689963508
EGZPSVI,0.3229544939092106
EH228C3,39.063744056438956
EHCONME,10.793261887704073
EHQZ4Y4,30.10887695451944
EIO9DRQ,28.054835443827702
EJVC014,-0.13595801640793045
EKDFDQ7,37.54481243236461
EO8BCE9,-0.13522368844521104
EP486A2,0.3022272966822156
EQO0H5O,38.933160906621325
EQYUT34,1.6809190470683104
EU9U747,38.95070458773064
EUCT2HM,0.0652981571689939
EWWBQKS,10.959297454550965
F0XCLZ9,0.8347062664032452
F2C382V,5.575057739921758
F4TDEO1,3.8761144457938252
F4WT22B,13.149737847638875
F4X93YN,40.04912860155854
F615LRG,4.703493477599537
F6IUZUE,9.07299754626789
F8L4C24,6.158340865860191
F97GO45,15.060441418277206
FAJGHMF,1.8065351046023703
FALCTGY,17.144730212804557
FBCRMC6,29.773064278141323
FBSIOFN,-0.1957362618522575
FC5H2XI,2.5346054346369646
FE4YE1C,2.5246723269111815
FEGUXNF,38.62781734080481
FG6RFSL,1.391980599307534
FH3L9HI,1.9946685801325086
FL647DD,0.4847584492583943
FL9EGRN,4.3562860083990085
FLUBYBI,37.00747476863104
FMQPOZ2,0.8841200508917664
FMVQMD6,12.425594076636198
FO9ZIP1,34.942668742636556
FP4US02,3.6651284403737128
FQUA0G8,6.1173601862578515
FRKT13D,0.4478112315345266
FRYE2T3,42.694936055063515
FSKQ43U,8.991944195860302
FT4FYXF,0.12889267517751396
FT5NICP,3.4736717233168157
FTFBY3X,3.5173060002259713
FTIG3NA,5.060544360173041
FUNSQ0P,14.695679840554364
FUTQFXD,32.2533651326889
FWL6RHB,2.0651109228329423
FYGWYUA,4.355686465486109
FYTPD4G,35.16491836083425
FZYBHN0,28.156938489561817
G1IGQ85,0.3539675321566742
G2UPTB4,6.249440669315784
G351CWK,0.44873457669777866
G3WNH2P,8.283532068006014
G4DSUVR,40.86533507880973
G65EE2X,0.5137526967947286
G6PSA7A,2.1496508030894854
G7SVLIP,-0.2169079027133698
G87ZFLI,40.02130281914542
GAHA6EE,38.748295265305764
GCJ2R0O,4.147028862031783
GCR9H4I,26.909775251060054
GDESAIV,12.901604118953683
GFA2A6P,-0.6008833522271841
GHY7KTV,27.495319838375313
GJOSYVF,0.10549905362487286
GL8ZFZL,18.222246368584347
GLPX4S2,3.0111987408177088
GM4HYV5,19.033408899348128
GNII8UH,0.29830695499378096
GR09SH6,0.1770873218762591
GRF7F86,2.101780398588059
GS0GUX3,24.116157583959634
GSSEWG6,8.479782618094069
GVK341T,13.941750371811258
GXE9IT5,17.195412037151026
GXFDASD,19.97418591808074
GYP1U5X,0.3493124676584499
GYZZQUR,7.211450697134697
H051PQS,0.3079447093931581
H068AI4,25.560690644926336
H0BQSMC,21.86139346796213
H0CW9H7,27.669317075212774
H2BBFBM,3.477516957076878
H2FHGXX,2.840912111797035
H5ZFFVP,3.2239156662772808
H6B0IBN,1.2785733395232481
H84XHH0,0.29409787721269265
H98LHW6,13.152856062675104
HAICAXI,0.42935951162025154
HB6C2VM,4.108567168304714
HB8UE93,15.400066890667215
HDC1SOW,10.336996639333128
HEHYAN3,3.726044625276118
HFMBQ2K,3.93622679424704
HGF3YM1,-0.08028962420118849
HJ0J8A4,2.1540095108434483
HJFNQ4Z,16.254470225158908
HKJAHMJ,13.291526831279874
HN2VQUN,28.34158481675335
HNODGSZ,23.197097152865602
HO8AH09,1.1821942178636655
HOMRBI3,0.16007680913525102
HOXIMWQ,0.6205025976547018
HOZAVUD,1.629472024130475
HP6L7CU,0.005727493759901023
HP7G5SI,18.29903007247459
HPDJVKT,13.756151915219547
HPOTGMM,6.08033080759004
HS3ZUIC,0.3229200638965238
HSBI33P,1.7274623714264365
HSQJD7X,0.10905117257228408
HTMSKQH,37.56401766074312
HUOBPRT,26.949538625327293
I08O4A2,0.9735267693166021
I0S99NO,16.17130391115088
I1FLB1X,17.337302785989706
I30EI2M,1.7023175543578852
I5XXEP6,13.056552605866566
I64GJA9,24.35718749615449
I6CB7TV,1.4057247763344387
I6K3TX3,3.0126090650660866
I7EWJKO,1.15780453989953
I915T3L,10.225061492385802
IBG3UBW,9.538790709394348
IBRH0UK,0.9363853924461366
IBT03YF,1.978707323559578
IEEF6U2,1.5276842241446213
IERSARJ,17.995488614449513
IGRN0CD,1.794233882231411
IGYTPRV,37.91417421294151
IL6AXV2,-0.2639279408818309
ILTB4TJ,34.4778665669786
INQ0595,0.5656809191257599
IPJXBNX,2.1569513568626495
IQ6B52M,1.1611026735261099
IRJC07R,34.77510670216895
IROJ9OQ,0.11747170432451016
IS3U4NX,0.28121896692028786
ISR4UP5,0.11109096075419703
IUF7U02,29.099500707700987
IZWTRY8,26.55027542715938
J13VWU8,3.813794318211615
J9ZC8KQ,1.0023780624507086
JA5IZI6,0.17367533690763498
JADS7KZ,0.8153056902454792
JDITQLL,33.164778187257305
JDS11FP,36.15391867881676
JERFJPA,37.874460167041576
JGRAFZR,14.20807380552237
JILOBHL,3.8769019970197185
JJXZ413,42.168703306160985
JK0JD5Q,0.3074895845571568
JO23YAB,30.801483922513555
JOEY6VD,1.6132858241009826
JONLVA3,39.08652253875704
JOVNCCD,0.4389600363989482
JP7G0TJ,37.661887247588176
JPLEKFP,32.655081924419136
JQIKVQB,0.792604910838137
JQLQPLT,0.38221842011176543
JRCABOC,37.03411853307658
JU7L4Z8,2.1760555262039816
JVGSVUU,1.3355677975100775
JWB66T9,1.3553744145379467
JWU18S5,6.729366141718955
JWUNRHJ,0.2496269862530889
JXEEO4C,6.224516280461472
JZGQJ8S,5.470399389105166
K0N9P1U,2.699802895961907
K0X7GEF,11.764955517851341
K10QAFA,17.486742319713418
K1BHMVT,18.292589558364785
K1GUNP7,2.5179039267505
K2LRVIV,14.55480830244078
K41CN5K,1.4163402039393578
K6RTCX4,-0.691555971059558
K8W0QKS,27.46421356934944
KAL2K6J,15.346365538216176
KAVI2N7,1.0132850069627588
KBFI436,1.436024819063107
KDW4FH2,0.34973936562677316
KFY6NQP,0.9752679714843879
KH965L6,5.290879850621146
KHA8AKR,27.771116306321762
KHZD78Z,0.1513251877691501
KIPA1Z1,-0.23633755233464188
KL0XRM7,39.98537790474727
KMQIOPL,28.004875352731588
KNTFONZ,4.615510377369531
KOG35ZD,4.767062749641874
KR4ZVZU,0.9539569375562769
KRILFSB,5.661791950282848
KT0IR8S,22.844049072106106
KT4DCML,1.5230039592352018
KT4DV8U,0.5565790575987443
KV9S7BO,0.3976853015388471
KYV0YPK,1.2118803489517944
KYWK5FL,5.803153036790758
KZ6HHR7,-0.611257044705687
KZ9I7G4,24.617467649126937
KZDA0TR,2.9467475655750706
L14R619,0.059324932539785796
L14TI9W,0.30476626854971955
L296CLJ,0.8698132061330531
L2SH4Z3,0.4425818546338529
L3108JM,25.340794312626098
L3M3MP4,0.25052499998283473
L3RDZF7,39.184515015228584
L5KP644,23.35590188600494
L90MOJU,0.06833707018971527
LABCTSY,3.064231330702899
LB9DYZX,2.262839657184349
LBJ4V47,13.681955033192365
LCNON4M,7.110840102298886
LE0ZIZO,0.5302394223998255
LI27M5L,0.13140915633217562
LJ2XPP0,1.1128838678450994
LJX33VY,0.20881025432528952
LN1CZWZ,29.686376008404842
LNGUZ2C,40.196839964406635
LNLWG10,0.008176438838651394
LNNL1RQ,0.5620671185055276
LOA8BK5,24.148086468924948
LOZM079,24.50269459092839
LR7MT81,19.00306629262615
LRJ3LYZ,0.17226936292925485
LTSRY8L,3.598085238354878
LU5H6KW,-0.6828846033899671
LVDXGC6,0.8802222350711962
LWVVA1Q,0.30800399552333113
LXFQZIP,21.791706237992987
LXQNDTB,12.393040786279949
LY89Y4W,-0.17997537178658302
LYFZXE7,3.172984882796372
M0L2YZI,14.97327185170741
M0RK3DS,38.81319814484254
M3G1XV8,3.412068765259079
M4HMED4,1.3057989303921191
M8H3UGM,3.824563303841906
MAGHREI,-0.24537883987275455
MB9HM4N,0.04338180633815588
MBCPBZ6,3.3065652269255645
MCHTPDO,4.7146182791057125
MDDALNY,33.47093117011419
MDY5G9V,29.436813415158554
MFN67G9,1.4282411991153205
MHNMH6Z,2.1085822510780674
MIG763X,0.15639133894220883
MJLGMEK,2.86215492463911
MJO75IU,0.23119974926701164
MKVHOLH,6.328213307216842
MM37PJI,15.356736453821426
MMCJPLL,29.751492928085973
MMTJANS,29.57563155456057
MN59YXM,17.296539246410035
MOC9YLU,0.12826829541042256
MOI31TE,35.02160120111163
MQ3XADH,16.743951511111156
MSXTFXP,0.14032848710973497
MTBC19M,11.432793573302845
MVXMSBI,1.355690594763894
MX9JAX5,21.5438207328863
MXWBZDB,19.034938399045213
MYKRT2F,0.7204705516768456
MZOQHE1,26.329828271749562
N01GIXS,1.6220480940007826
N04RVND,11.306000878769883
N06USYP,22.160660168565233
N2KF0V7,2.070415814095482
N4NLMES,4.059012200431881
N7GJMJC,0.2107150598361723
N7HHK3S,14.396461588128272
N7ZUKG2,3.6360851219263144
N9T6VLM,34.80681440881129
NAYJB10,36.83195753039373
ND0JYDB,35.241782074361716
NDL8SYB,7.194022727474426
NGHQY9E,0.23662937880076543
NGPVLJR,1.0106577843697175
NI07H6B,37.37873279951193
NIV1PX6,1.289936086928195
NIZ8E6V,0.6042116650613323
NJBXEA9,31.47363560278385
NJCV4SV,4.777684912035328
NK25JX7,2.4612171114771177
NK595I5,4.30196548411621
NKJZ0P2,0.8031097863140744
NLSHK5G,4.585039021844741
NM86P1X,1.5640224222511945
NMJ91KT,5.035648177810087
NMOE9MS,17.87112532970627
NMQB7KY,1.9225228100120753
NOGV1OL,0.09901241035240534
NS1NM6I,40.57178604041407
NT4Q0ZN,25.414814435925155
NTE87ZD,19.35878389983384
NU8EA7A,2.045143610670051
NUJU0CV,0.8451903719442153
NW13DAE,29.8123763921818
NW3L55I,-0.07205173322984063
NXU1FAJ,0.2653778132788549
NYODCCH,1.9853066829654993
NYX6H0Y,-0.05122550310885676
NYY0XPX,4.012548477111891
NZJ061W,1.933308550745605
O0B0W9W,1.281082151034025
O2RJ5K0,1.8873315406972162
O44FHVP,3.5485755900093743
O54VQNV,23.772492930971225
O66E2GD,22.909787440116514
O6BUZ4X,0.31190002575159925
O72ZAMH,3.020769997651021
O8TLCHZ,0.718516519760541
OAJK6MW,31.22835623779378
OAUV81P,2.5043406703565005
OBMXWKQ,23.027045342773725
ODNFJ1I,0.22125204862632308
OE6CHSJ,5.194090365184473
OFISK6Z,3.258048573025029
OGJCMH5,0.4246501869689791
OHHERMF,11.020587379742652
OHRIL2J,5.9128723300919415
OIIQANC,0.7229336282595805
OJF3LBX,0.2824799181677108
OJFDFUL,31.673134259186973
OJV6V0S,17.568433101107352
OK14ZYP,3.1859281499111334
OK549UV,-0.00038571655780756265
OKR2Z1E,12.569216324832853
ORDQF56,5.329077765604034
OSU9FUF,1.3055096778096054
OTWHFDS,6.7798482681351295
OUDIE7M,1.5873557331107786
OV0H82B,0.5746560368105168
OWWO3TJ,1.403187999090036
OY6MMSI,30.546150684423775
P01O5SE,5.641830902037757
P0AURVR,3.093311551668721
P0PNAP5,43.31610223130822
P0YRLF8,38.199618846117005
P101U1Y,9.076361007771144
P12LTXP,1.1370908649334455
P50W51Q,39.312126420798776
P5DRBT5,28.61281252000576
P6FYCS3,0.38435564739443484
P9TF6H0,22.00779841691959
PBNG5I2,4.794928209284661
PC3PTM2,0.014413245042341616
PCGXFAT,35.67091377269902
PFZJUDY,1.64750552319908
PG0TUFO,2.1106725916595193
PG8VHKY,0.014838620029961218
PGYPB96,0.4793223331339974
PM9ZGVN,0.14131853081779613
PMPI904,10.544977439264855
PN2QXU4,0.1656035400665479
PN5AEJR,2.413077368258061
PNJ2S96,1.125276330306062
PPH0474,14.530651021859722
PPOUS3C,17.141056953126178
PQOZQ9W,6.463544111723105
PR60JLQ,7.50866746502498
PUR3YEG,1.563251515254306
PUT5QUT,31.916330178415706
PUWWXS3,3.05733659207396
PUYBLCL,6.529752390244151
PV7EBPS,3.5910961538345605
PVXKA3W,0.45510333377269896
PWC55BT,39.01075811627311
PWQR8P5,45.77977799410694
PWS7UD9,0.07800550357725453
PX46FE3,0.5966150107262923
PXXEFA4,37.432554397367454
PZUN8NP,1.571166258959121
Q1HNN28,5.4493294565034835
Q1PCL13,0.2852068557829877
Q2JRIJN,34.55457857691911
Q5CFP2T,-0.039638762277508614
Q6143KU,3.8011495116027794
Q6U5I4N,0.13381569777964308
Q8BIIZU,0.29845212056227255
QAMMRSD,26.80328907307896
QAVLQCN,2.3772218104767133
QB85T37,0.8193756745547548
QBSVYYD,1.5980642403437004
QC4RN0Z,23.34986291954055
QCIILW3,35.70771502893409
QD2GE6I,5.586607363926777
QDAV94C,0.5063878318671662
QDDDZYT,2.1354498919396145
QDPYL2U,1.3580448561200766
QFG60LS,1.8332938532950773
QGCAKZ6,32.61999862347388
QH706K1,27.251170176979947
QJWTY2B,6.114024587328662
QL9SLDS,2.5237410151287882
QLFK8BS,1.8738220397143914
QN3PKLF,31.883600113739636
QOEBOR8,31.40572009344051
QRT7KJF,6.442163610603494
QYE25PI,26.003584016622156
R0XEUCT,0.3610878972015643
R3H5L23,36.19234248058131
R48DF2L,2.3339894640120393
R5927WW,0.014709365485483041
R6LT29V,0.6066805393144568
R8YU11R,4.8262297190618115
R979NJ6,0.5475619898343522
RBAQOFV,0.802579471205716
RBHGOKY,1.353992456154729
RCQGWY3,3.191952272402586
RDG6JOX,26.067870566389164
RE3QZSQ,12.404294162896663
RG750W1,27.637084277054573
RHK3W5P,23.97089469316263
RHTASON,5.138336183104656
RIA9L1X,0.22432234498308254
RIWAT3Q,5.815933293217265
RJN1OGL,4.282547807070245
RKRR2HK,27.17786493300068
RKX72I7,1.2633367746642055
RQ18H79,5.982012399328648
RQ1U4BU,2.328209690220779
RQID34P,0.7885141689533346
RS6CKPN,0.10191388959063247
RV6TP2Y,3.0114625945086866
RWWNTNS,26.95752173085946
RX0JEQP,23.819455095405747
RX6KMNP,0.6292787892669262
RXPYHF3,2.936360686330619
RYFH3P3,22.640065855735518
S0Y29Q5,1.148758991456377
S2L6QF0,0.9127705452302215
S2Y87VX,32.549640842910826
S4ZYSZU,24.218742603674432
S99UBPA,2.669750039664039
SBR1I5B,12.822393963178886
SBYNJPC,30.591686047294775
SCLUFL4,38.973981282845294
SCMB4HS,10.078742208638262
SDHV2E2,4.348084267837
SDLC84L,-0.3326122890735909
SFW9WE4,38.35512391109905
SHKI70P,0.03619669379587347
SHVSINU,14.783112016566665
SISXQO1,4.384101813417218
SK239FE,0.12128940056665286
SLWT623,11.792453555921025
SOWKV4B,3.2446485742507574
SQY1S3T,0.2673609342184674
SRML5XX,31.431764809601496
SSEAUO8,12.334155510836093
ST21GGG,2.6569601825123734
STSE3UQ,1.2253540472948017
SUO3D2H,30.046914637192828
SWFDSHK,4.696140548229475
SWKZV33,0.0147100080154539
SXSHSV4,43.03638282793326
SYOY7YP,16.127932460121187
SZYVVAJ,1.235929129674145
T16HRPB,44.84860403162656
T3FQ1IO,0.8164060374020565
T550RFY,30.780690740322104
T6GPZ9H,-0.6179721758278728
T76P2C4,9.231402927317196
T87F8W7,0.35443336327007086
T91IVRT,3.895213004848601
T9DMXO7,1.5165055731169712
TA0D4P0,0.06858462785743756
TA8ZG38,29.11046748860896
TAHVMK0,1.3695941319704612
TB7TL8P,0.9828074297316627
TCUK28W,31.084710444495375
TD4M9IK,12.694413365748936
TDAXQX1,2.035900461983802
TE59SSX,0.18480584780059467
TGOMFD8,5.034403434228185
TH952D6,1.5570707686811618
TI0U4IY,30.410858462244803
TJ40R7Z,31.572326473620738
TKML29Z,-0.07476276672324084
TKY534E,1.6383016097784786
TLBPRJT,0.23985024871519664
TLRP1RN,4.46431177799408
TM2BCK1,35.68886007002133
TNDL3KQ,27.22206894155953
TOC5EQQ,0.4753966502043322
TOM8OZI,0.8267108037924928
TORWZ2S,6.765554710495165
TPQ42FD,2.237475343432096
TQK8SE6,3.2406777634528963
TS6ARCC,4.577875665255663
TSIHOGS,19.92092716332426
TSSOEEC,1.9764013695803717
TV0NYBT,38.02861329801394
TVCIMNO,0.7844084094593636
U26ISD7,0.18540071580958375
U3KWRHP,14.594387614993863
U7CE78T,25.430688387586088
U7OFXYN,24.330150040854235
UCERMV9,2.866240815960076
UDRXCVI,0.4393837497112225
UDVPP7H,39.65304427196602
UDVQQGH,2.596929173360999
UEMFQN8,35.985478975499795
UEPBGEN,11.422620364009926
UFQYCD6,36.25938602499266
UG4033A,3.326878546179113
UGBKXR4,0.13471018844872623
UHH0JMJ,25.83021645411306
UII41SH,0.8599314892176497
UJHDJHG,38.597117263731995
UJUYOLI,0.3530333814563789
UKFHU8P,15.951214119951565
ULKCFXQ,0.029066650499093176
UMXNA7S,3.5044660626991315
UNXLCFA,-0.16928621272775102
UOTYB4Z,1.1353676777254846
UPLYPDZ,30.232747755310456
URDFM9C,0.600185725205801
UUYQ8U8,-0.13995081342011784
UWC9O6R,-0.11135113158039867
V17SWCB,7.7715059063010274
V4AG3BZ,38.65188713150512
V4TGYUD,2.2380170159449553
V55FAD9,-0.21868426325787813
V6J7H8M,3.003249430624096
V6KT9YF,0.4274527199886545
V72HTL3,2.1617893739982432
V7M38SK,2.1947219015959765
V82OVOR,1.3545777077845949
V8CR93T,2.3401843359846266
V8JIS8T,0.26966810823656917
V9AFHQD,16.810152996425273
VA2T7KX,-0.3457921477761573
VBABIFF,4.228693897094955
VCGV5PO,0.052629587038464945
VCOS60V,15.452917714809173
VGIYTG8,3.4520456099970134
VIYJ2S1,18.137803003000858
VJ4J06X,37.327040403926205
VKEJEZ4,5.897421815724942
VKLQ39V,-0.4627406903739286
VLTLL4G,5.087991427186846
VLYY49A,0.24143199284695246
VQUNXHA,0.8609137417395663
VSI7BPX,22.29193204499265
VSNMUB5,16.26050313709446
VTI2CHZ,23.208396824974987
VTYXS93,12.400478172460867
VUBGIAF,0.8352797962169747
VUO6R2Z,1.2614935068213788
VWCFGYF,2.8651312415879047
VXNG30P,29.5388814373088
VYMVWT9,14.967474613655686
VYNVAPY,31.85293859089367
VYWR87L,8.139751527368862
VZEPXPG,19.09073129082742
VZICCTI,3.942246391929743
W0CNP79,2.248894043229417
W2Z6J2Z,32.09370172607001
W5T6T2N,30.143695639295665
W6VEMPQ,22.70098335494424
W7R3LVZ,0.05870203996432686
W9AWQ4O,-0.7243972479186358
W9YLEKZ,1.8450175894979322
WBPJA6G,0.6997177113098717
WBVEPDT,0.2067630770971456
WG31KFR,6.995417716880397
WG7DVB6,39.749786203886345
WGWWSS0,23.87565822975882
WJHOBLB,28.70144048783088
WL27YXX,6.421768344136586
WN4C63S,2.984726782972063
WQ4CH8P,0.20948940084825265
WQ4YJXP,4.808868629322928
WUSOYJK,0.6097394651692054
WV0SZOG,0.12054874149454163
X11R9DJ,8.897042994576603
X2FJEJ4,27.08548974999462
X55EOMC,1.8272613897208716
X73JLGE,0.27525009176325965
X7K5LU8,1.4317086126452914
X9G3F3Z,22.88598164259232
XA2NBUP,21.98117294351318
XAZ35LW,0.12934299399279361
XC8ETQL,24.906747388570597
XDHC6GG,37.38790876486233
XHQI8KL,38.90373711656034
XIIGZTS,38.4865383538892
XJRGZRJ,2.0166740236606775
XM7IJ8L,-0.44326366204911866
XT6TNAN,36.16749756501112
XT7CRZU,3.4368142810095597
XU5DGS2,3.8740321532754383
XU9XIXF,16.91671254071357
XVZ2RIL,4.039505706620628
XW1490D,25.457431921785204
Y1119PM,0.32769229741829814
Y1M2G3O,0.4881398887766325
Y2V57FE,19.478003555041965
Y3AKS6U,-0.11990409590267867
Y3W7VYK,0.02943790961281649
Y4VZQZF,4.3174273942033885
Y5EMJGV,3.286368447303227
Y7G7PMW,3.703790668882058
Y80ASGS,29.17496299733372
Y8LZQKT,0.41854514444796853
Y8Y08IC,2.2254236512366785
Y9EHU0R,38.76379077212544
YAKYSNG,2.698975923351756
YCMP3TK,0.9441141803181746
YDL00PC,0.6604585177209096
YE0GB1U,15.569025547169634
YEZMCKP,0.3164560482660403
YF7VZYM,9.557456348640038
YFO7J6P,0.33791193869263425
YHX5E97,38.97381577658375
YJ5CIHU,3.9085831633512815
YJFF28O,25.832775056524056
YJLAFIK,9.308893072710855
YJTJ3L0,10.142620653356712
YLM1PNU,33.54238860670962
YMPLAGW,40.42513124545158
YN8E8G6,2.53941859870785
YNH3CWY,0.31905111528340235
YO2YZY4,36.65532003771385
YORBIHJ,27.692895859384823
YQ3FRP1,32.11046239342258
YQU7L9F,0.7828374492450564
YV20EMP,29.21457003759286
YV2IUYV,9.757963734094561
YXAANFN,0.8288841322300482
YXK58V3,23.001943680953957
YXLBNNQ,-0.036048148817886844
YXLY3B3,-0.13319938650059604
YZ5ZC6D,31.64398865645604
YZ8PFXZ,0.2385560542134379
Z1A2M3S,0.5838672751690435
Z37PQTQ,1.8469820238458852
Z51GAXD,0.04690097598602803
Z6JMNCM,13.563080841574273
Z792KK0,30.435239111860124
Z9C6CFV,27.09923863789564
ZAOFFCZ,15.291499830957797
ZCIA93Q,34.50196592248983
ZDJMCKC,37.56771748457948
ZFB9S4P,6.069538912532309
ZFM74S5,6.632597415624314
ZH2B8CW,4.7738041025411455
ZHXKN8M,29.333060886032825
ZHY9YK1,12.581303243238171
ZLVOYMA,35.55544410572741
ZM60DUE,0.4379177191866791
ZMIUDEL,29.305771886205168
ZMNMD3T,39.167890653582376
ZNEIOE5,23.763688055100058
ZNKN081,6.242438638969773
ZO1LB7F,3.997127108287931
ZPENM3F,1.3085568390155198
ZPMPL47,3.137776848835987
ZQFMQVU,30.555986644239223
ZRAHMG2,0.2486560215925609
ZS0Z900,37.287963616815574
ZSNE8SY,3.964272330006757
ZUX503E,2.0331726010214104
ZV3KA4K,14.712634076302164
ZV99Z7P,1.3026874176035916
ZVO9F7A,3.011596168703171
ZVVA1LV,0.930444161193993
ZXHN2A8,2.01617240509431
